<?xml version="1.0" encoding="UTF-8"?>
<project-private xmlns="http://www.netbeans.org/ns/project-private/1">
    <editor-bookmarks xmlns="http://www.netbeans.org/ns/editor-bookmarks/2" lastBookmarkId="0"/>
    <open-files xmlns="http://www.netbeans.org/ns/projectui-open-files/2">
        <group>
            <file>file:/C:/Users/osiom/OneDrive/Documents/NetBeansProjects/finalCodeGUIandDB/src/finalcodeguianddb/installDB.java</file>
            <file>file:/C:/Users/osiom/OneDrive/Documents/NetBeansProjects/finalCodeGUIandDB/src/finalcodeguianddb/inputForR.java</file>
            <file>file:/C:/Users/osiom/OneDrive/Documents/NetBeansProjects/finalCodeGUIandDB/src/finalcodeguianddb/JavaDB.java</file>
            <file>file:/C:/Users/osiom/OneDrive/Documents/NetBeansProjects/finalCodeGUIandDB/src/finalcodeguianddb/math.java</file>
            <file>file:/C:/Users/osiom/OneDrive/Documents/NetBeansProjects/finalCodeGUIandDB/src/finalcodeguianddb/DisplayDBR.java</file>
            <file>file:/C:/Users/osiom/OneDrive/Documents/NetBeansProjects/finalCodeGUIandDB/src/finalcodeguianddb/installDBR.java</file>
            <file>file:/C:/Users/osiom/OneDrive/Documents/NetBeansProjects/finalCodeGUIandDB/src/finalcodeguianddb/inputForA1.java</file>
            <file>file:/C:/Users/osiom/OneDrive/Documents/NetBeansProjects/finalCodeGUIandDB/src/finalcodeguianddb/choice.java</file>
            <file>file:/C:/Users/osiom/OneDrive/Documents/NetBeansProjects/finalCodeGUIandDB/src/finalcodeguianddb/inputForN.java</file>
            <file>file:/C:/Users/osiom/OneDrive/Documents/NetBeansProjects/finalCodeGUIandDB/src/finalcodeguianddb/DisplayDB.java</file>
            <file>file:/C:/Users/osiom/OneDrive/Documents/NetBeansProjects/finalCodeGUIandDB/src/finalcodeguianddb/FiniteGeoSeq.java</file>
            <file>file:/C:/Users/osiom/OneDrive/Documents/NetBeansProjects/finalCodeGUIandDB/src/finalcodeguianddb/JavaDBR.java</file>
            <file>file:/C:/Users/osiom/OneDrive/Documents/NetBeansProjects/finalCodeGUIandDB/src/finalcodeguianddb/inputForS.java</file>
            <file>file:/C:/Users/osiom/OneDrive/Documents/NetBeansProjects/finalCodeGUIandDB/src/finalcodeguianddb/output.java</file>
        </group>
    </open-files>
</project-private>
